recipe_kind,source_name,source_weight,blend_mode,macro_f1,contact_macro_f1,binary_macro_f1,selection_score
audio_lift_source_blend,report_gate_onehot,0.05,segment_lift,0.9353447727801658,0.9164944534943943,0.99077894279929,0.9352330939963467
audio_lift_source_blend,report_gate_onehot,0.1,segment_lift,0.9353447727801658,0.9164944534943943,0.99077894279929,0.9352330939963467
audio_lift_source_blend,report_gate_onehot,0.15,segment_lift,0.9353447727801658,0.9164944534943943,0.99077894279929,0.9352330939963467
audio_lift_source_blend,report_gate_onehot,0.2,segment_lift,0.9353447727801658,0.9164944534943943,0.99077894279929,0.9352330939963467
audio_lift_source_blend,report_gate_onehot,0.25,segment_lift,0.9353447727801658,0.9164944534943943,0.99077894279929,0.9352330939963467
audio_lift_source_blend,report_gate_onehot,0.33,segment_lift,0.9353447727801658,0.9164944534943943,0.99077894279929,0.9352330939963467
audio_lift_source_blend,report_gate_onehot,0.5,segment_lift,0.9320811418307211,0.9121429455618015,0.99077894279929,0.9319694630469021
audio_lift_source_blend,mfcc40_grid,0.05,segment_lift,0.931234670351508,0.9110143169228507,0.99077894279929,0.931122991567689
audio_lift_source_blend,mfcc40_grid,0.1,segment_lift,0.931234670351508,0.9110143169228507,0.99077894279929,0.931122991567689
audio_lift_source_blend,mfcc40_grid,0.15,segment_lift,0.931234670351508,0.9110143169228507,0.99077894279929,0.931122991567689
audio_lift_source_blend,total240_tree_meta,0.05,segment_lift,0.931234670351508,0.9110143169228507,0.99077894279929,0.931122991567689
audio_lift_source_blend,total240_tree_meta,0.1,segment_lift,0.931234670351508,0.9110143169228507,0.99077894279929,0.931122991567689
audio_lift_source_blend,total240_tree_meta,0.15,segment_lift,0.931234670351508,0.9110143169228507,0.99077894279929,0.931122991567689
audio_lift_source_blend,total240_stack_lr,0.1,segment_lift,0.9311451603709455,0.9109230480525262,0.9906840947841588,0.931032420116741
audio_lift_source_blend,total240_stack_lr,0.15,segment_lift,0.9311451603709455,0.9109230480525262,0.9906840947841588,0.931032420116741
audio_lift_source_blend,total240_stack_lr,0.2,segment_lift,0.9311451603709455,0.9109230480525262,0.9906840947841588,0.931032420116741
audio_lift_source_blend,total240_tree_meta,0.2,segment_lift,0.9311451603709455,0.9109230480525262,0.9906840947841588,0.931032420116741
audio_lift_source_blend,total240_tree_meta,0.25,segment_lift,0.9311451603709455,0.9109230480525262,0.9906840947841588,0.931032420116741
audio_lift_source_blend,highsr_default,0.05,segment_lift,0.9310825215376203,0.910811451837667,0.99077894279929,0.9309708427538012
audio_lift_source_blend,highsr_extratrees,0.05,segment_lift,0.9310825215376203,0.910811451837667,0.99077894279929,0.9309708427538012
audio_lift_source_blend,highsr_regularized,0.05,segment_lift,0.9310825215376203,0.910811451837667,0.99077894279929,0.9309708427538012
audio_lift_source_blend,report_gate_proba,0.05,segment_lift,0.9310825215376203,0.910811451837667,0.99077894279929,0.9309708427538012
audio_lift_source_blend,report_gate_proba,0.1,segment_lift,0.9310825215376203,0.910811451837667,0.99077894279929,0.9309708427538012
audio_lift_source_blend,total120_grid,0.05,segment_lift,0.9310825215376203,0.910811451837667,0.99077894279929,0.9309708427538012
audio_lift_source_blend,total240_stack_lr,0.05,segment_lift,0.9310825215376203,0.910811451837667,0.99077894279929,0.9309708427538012
audio_lift_source_blend,total240_stack_lr,0.25,segment_lift,0.9310556869246127,0.910831832587041,0.9905892509675983,0.9309418870276397
audio_lift_source_blend,total240_stack_lr,0.33,segment_lift,0.9310556869246127,0.910831832587041,0.9905892509675983,0.9309418870276397
audio_lift_source_blend,total240_tree_meta,0.33,segment_lift,0.9310556869246127,0.910831832587041,0.9905892509675983,0.9309418870276397
audio_lift_source_blend,highsr_default,0.5,segment_lift,0.9309930143291566,0.9107201866634745,0.9906840947841588,0.9308802740749521
audio_lift_source_blend,total240_tree_meta,0.5,segment_lift,0.9308688650348148,0.9106389157421991,0.9903995759087652,0.930752951334425
audio_lift_source_blend,report_gate_proba,0.15,raw_argmax,0.929923866882744,0.9092942006779666,0.9906836657478986,0.9298109469078263
audio_lift_source_blend,highsr_extratrees,0.5,segment_lift,0.9299108773686848,0.9093054198458037,0.9905892509675983,0.9297970774717118
audio_lift_source_blend,total120_grid,0.33,segment_lift,0.9297373945536831,0.9090179491924175,0.99077894279929,0.9296257157698641
audio_lift_source_blend,anchor_only,0.0,raw_argmax,0.9294091675367788,0.9085803131698785,0.99077894279929,0.9292974887529598
audio_lift_source_blend,anchor_only,0.0,segment_lift,0.9294091675367788,0.9085803131698785,0.99077894279929,0.9292974887529598
audio_lift_source_blend,highsr_regularized,0.33,segment_lift,0.9294091675367788,0.9085803131698785,0.99077894279929,0.9292974887529598
audio_lift_source_blend,highsr_regularized,0.5,segment_lift,0.9293196918162749,0.9084890899796321,0.9906840947841588,0.9292069515620704
audio_lift_source_blend,total240_stack_lr,0.5,segment_lift,0.9293034641098881,0.9089947371152022,0.9888761534630441,0.9291681149467979
audio_lift_source_blend,mfcc40_grid,0.33,segment_lift,0.9291267698255771,0.9082318606587019,0.9906840947841588,0.9290140295713727
audio_lift_source_blend,highsr_extratrees,0.05,raw_argmax,0.9282120480491186,0.906984153852998,0.99077894279929,0.9281003692652995
audio_lift_source_blend,highsr_default,0.15,raw_argmax,0.9281867891684976,0.9069780970589715,0.9906836657478986,0.9280738691935798
audio_lift_source_blend,report_gate_onehot,0.1,raw_argmax,0.9279391878066308,0.9066203401963477,0.99077894279929,0.9278275090228117
audio_lift_source_blend,total240_stack_lr,0.05,raw_argmax,0.927886295963582,0.9065498177389492,0.99077894279929,0.9277746171797628
audio_lift_source_blend,highsr_default,0.1,segment_lift,0.9278434946354958,0.906492749301501,0.99077894279929,0.9277318158516767
audio_lift_source_blend,highsr_default,0.15,segment_lift,0.9278434946354958,0.906492749301501,0.99077894279929,0.9277318158516767
audio_lift_source_blend,highsr_default,0.2,segment_lift,0.9278434946354958,0.906492749301501,0.99077894279929,0.9277318158516767
audio_lift_source_blend,highsr_default,0.25,segment_lift,0.9278434946354958,0.906492749301501,0.99077894279929,0.9277318158516767
audio_lift_source_blend,highsr_default,0.33,segment_lift,0.9278434946354958,0.906492749301501,0.99077894279929,0.9277318158516767
audio_lift_source_blend,highsr_regularized,0.1,segment_lift,0.9278434946354958,0.906492749301501,0.99077894279929,0.9277318158516767
audio_lift_source_blend,highsr_regularized,0.15,segment_lift,0.9278434946354958,0.906492749301501,0.99077894279929,0.9277318158516767
audio_lift_source_blend,highsr_regularized,0.2,segment_lift,0.9278434946354958,0.906492749301501,0.99077894279929,0.9277318158516767
audio_lift_source_blend,highsr_regularized,0.25,segment_lift,0.9278434946354958,0.906492749301501,0.99077894279929,0.9277318158516767
audio_lift_source_blend,total240_tree_meta,0.05,raw_argmax,0.9278386468272547,0.9064862855571795,0.99077894279929,0.9277269680434356
audio_lift_source_blend,total120_grid,0.05,raw_argmax,0.9275613053962553,0.9061164969825136,0.99077894279929,0.9274496266124362
audio_lift_source_blend,highsr_extratrees,0.1,raw_argmax,0.9275572233231796,0.9061110542184129,0.99077894279929,0.9274455445393606
audio_lift_source_blend,total240_grid,0.05,raw_argmax,0.9273526404655185,0.9058382770748646,0.99077894279929,0.9272409616816993
audio_lift_source_blend,highsr_regularized,0.2,raw_argmax,0.9272519869041447,0.9057040723263662,0.99077894279929,0.9271403081203256
audio_lift_source_blend,total240_stack_lr,0.1,raw_argmax,0.9272453367220718,0.9056952054169357,0.99077894279929,0.9271336579382528
audio_lift_source_blend,total240_ensemble,0.05,raw_argmax,0.9271805735909922,0.9056088545754961,0.99077894279929,0.9270688948071731
audio_lift_source_blend,mfcc40_grid,0.2,segment_lift,0.9271383590371138,0.9055525685036584,0.99077894279929,0.9270266802532948
audio_lift_source_blend,mfcc40_grid,0.25,segment_lift,0.9271383590371138,0.9055525685036584,0.99077894279929,0.9270266802532948
audio_lift_source_blend,highsr_extratrees,0.2,raw_argmax,0.9270909448257711,0.9055169712686695,0.9906836657478986,0.9269780248508535
audio_lift_source_blend,total240_stack_lr,0.15,raw_argmax,0.9270657923580777,0.9054558129316103,0.99077894279929,0.9269541135742586
audio_lift_source_blend,total240_tree_meta,0.1,raw_argmax,0.9270423910903325,0.9054246112412834,0.99077894279929,0.9269307123065135
audio_lift_source_blend,highsr_extratrees,0.15,raw_argmax,0.9268860589047669,0.905216168327196,0.99077894279929,0.9267743801209479
audio_lift_source_blend,highsr_extratrees,0.2,segment_lift,0.9268856884737144,0.9052437521895514,0.9906840947841588,0.92677294821951
audio_lift_source_blend,highsr_extratrees,0.25,segment_lift,0.9268856884737144,0.9052437521895514,0.9906840947841588,0.92677294821951
audio_lift_source_blend,highsr_extratrees,0.33,segment_lift,0.9268856884737144,0.9052437521895514,0.9906840947841588,0.92677294821951
audio_lift_source_blend,highsr_extratrees,0.1,segment_lift,0.926822287412872,0.9051311396713358,0.99077894279929,0.9267106086290529
audio_lift_source_blend,highsr_extratrees,0.15,segment_lift,0.926822287412872,0.9051311396713358,0.99077894279929,0.9267106086290529
audio_lift_source_blend,highsr_extratrees,0.25,raw_argmax,0.9267658822910315,0.9050835545556835,0.9906836657478986,0.9266529623161138
audio_lift_source_blend,total240_tree_meta,0.15,raw_argmax,0.9267318466647723,0.905010552007203,0.99077894279929,0.9266201678809532
audio_lift_source_blend,report_gate_proba,0.05,raw_argmax,0.9267160942138255,0.904989548739274,0.99077894279929,0.9266044154300065
audio_lift_source_blend,report_gate_proba,0.15,segment_lift,0.9266012724246198,0.9048364530203329,0.99077894279929,0.9264895936408007
audio_lift_source_blend,report_gate_proba,0.2,segment_lift,0.9266012724246198,0.9048364530203329,0.99077894279929,0.9264895936408007
audio_lift_source_blend,report_gate_proba,0.25,segment_lift,0.9266012724246198,0.9048364530203329,0.99077894279929,0.9264895936408007
audio_lift_source_blend,report_gate_proba,0.33,segment_lift,0.9266012724246198,0.9048364530203329,0.99077894279929,0.9264895936408007
audio_lift_source_blend,total120_grid,0.1,segment_lift,0.9266012724246198,0.9048364530203329,0.99077894279929,0.9264895936408007
audio_lift_source_blend,total120_grid,0.15,segment_lift,0.9266012724246198,0.9048364530203329,0.99077894279929,0.9264895936408007
audio_lift_source_blend,total120_grid,0.2,segment_lift,0.9266012724246198,0.9048364530203329,0.99077894279929,0.9264895936408007
audio_lift_source_blend,total120_grid,0.25,segment_lift,0.9266012724246198,0.9048364530203329,0.99077894279929,0.9264895936408007
audio_lift_source_blend,total240_ensemble,0.1,segment_lift,0.9266012724246198,0.9048364530203329,0.99077894279929,0.9264895936408007
audio_lift_source_blend,total240_ensemble,0.15,segment_lift,0.9266012724246198,0.9048364530203329,0.99077894279929,0.9264895936408007
audio_lift_source_blend,total240_ensemble,0.2,segment_lift,0.9266012724246198,0.9048364530203329,0.99077894279929,0.9264895936408007
audio_lift_source_blend,total240_ensemble,0.25,segment_lift,0.9266012724246198,0.9048364530203329,0.99077894279929,0.9264895936408007
audio_lift_source_blend,total240_grid,0.25,segment_lift,0.9266012724246198,0.9048364530203329,0.99077894279929,0.9264895936408007
audio_lift_source_blend,total240_grid,0.33,segment_lift,0.9266012724246198,0.9048364530203329,0.99077894279929,0.9264895936408007
audio_lift_source_blend,total240_ensemble,0.05,segment_lift,0.9264493239300228,0.9046338550275369,0.99077894279929,0.9263376451462036
audio_lift_source_blend,total240_grid,0.05,segment_lift,0.9264493239300228,0.9046338550275369,0.99077894279929,0.9263376451462036
audio_lift_source_blend,total240_grid,0.1,segment_lift,0.9264493239300228,0.9046338550275369,0.99077894279929,0.9263376451462036
audio_lift_source_blend,total240_grid,0.15,segment_lift,0.9264493239300228,0.9046338550275369,0.99077894279929,0.9263376451462036
audio_lift_source_blend,total240_grid,0.2,segment_lift,0.9264493239300228,0.9046338550275369,0.99077894279929,0.9263376451462036
audio_lift_source_blend,report_gate_onehot,0.05,raw_argmax,0.9264187959431358,0.904593151045021,0.99077894279929,0.9263071171593168
audio_lift_source_blend,report_gate_onehot,0.15,raw_argmax,0.9264120726789502,0.9045841866927735,0.99077894279929,0.9263003938951312
audio_lift_source_blend,report_gate_proba,0.1,raw_argmax,0.9264065751658104,0.9046044783887218,0.9906836657478986,0.9262936551908926
audio_lift_source_blend,mfcc40_grid,0.1,raw_argmax,0.9263552341108463,0.9045084019353018,0.99077894279929,0.9262435553270273
audio_lift_source_blend,total240_stack_lr,0.2,raw_argmax,0.9261879672972488,0.9042853795171717,0.99077894279929,0.9260762885134297
audio_lift_source_blend,highsr_regularized,0.15,raw_argmax,0.9261539418935418,0.9042400123122292,0.99077894279929,0.9260422631097228
audio_lift_source_blend,mfcc40_grid,0.15,raw_argmax,0.9259276894533007,0.9039659641053758,0.9906836657478986,0.925814769478383
audio_lift_source_blend,highsr_regularized,0.05,raw_argmax,0.9258489288595012,0.9038333282668415,0.99077894279929,0.9257372500756821
audio_lift_source_blend,mfcc40_grid,0.05,raw_argmax,0.9257986034978832,0.9037662277846842,0.99077894279929,0.9256869247140641
audio_lift_source_blend,highsr_default,0.05,raw_argmax,0.9256903302635878,0.9036218634722903,0.99077894279929,0.9255786514797687
audio_lift_source_blend,total240_tree_meta,0.2,raw_argmax,0.9256183931536495,0.9035259473257059,0.99077894279929,0.9255067143698303
audio_lift_source_blend,highsr_default,0.2,raw_argmax,0.9255275130325189,0.9034323955443332,0.9906836657478986,0.9254145930576012
audio_lift_source_blend,total240_ensemble,0.1,raw_argmax,0.9255103542647881,0.9033818954738907,0.99077894279929,0.925398675480969
audio_lift_source_blend,total120_grid,0.1,raw_argmax,0.9254595723449206,0.9033141862474006,0.99077894279929,0.9253478935611014
audio_lift_source_blend,total240_tree_meta,0.25,raw_argmax,0.925337380786139,0.9031512641690255,0.99077894279929,0.92522570200232
audio_lift_source_blend,report_gate_proba,0.5,segment_lift,0.9253156835249515,0.9034810571408189,0.989539984113488,0.9251877256685654
audio_lift_source_blend,total120_grid,0.15,raw_argmax,0.9249830352740882,0.902678803486291,0.99077894279929,0.9248713564902692
audio_lift_source_blend,highsr_default,0.1,raw_argmax,0.9249108254643359,0.9026101454534224,0.9906836657478986,0.9247979054894181
audio_lift_source_blend,highsr_regularized,0.1,raw_argmax,0.9244949406656525,0.9020280106750435,0.99077894279929,0.9243832618818335
audio_lift_source_blend,highsr_extratrees,0.33,raw_argmax,0.924430930579256,0.9019702856066493,0.9906836657478986,0.9243180106043382
audio_lift_source_blend,total240_grid,0.1,raw_argmax,0.9242947896405658,0.9017611426415945,0.99077894279929,0.9241831108567468
audio_lift_source_blend,total240_grid,0.15,raw_argmax,0.9242628815684475,0.9017462202589046,0.9906836657478986,0.9241499615935297
audio_lift_source_blend,highsr_regularized,0.25,raw_argmax,0.9238329210473748,0.901172939564141,0.9906836657478986,0.9237200010724571
audio_lift_source_blend,total240_stack_lr,0.25,raw_argmax,0.9238269348193499,0.9011654139837321,0.9906840947841588,0.9237141945651454
audio_lift_source_blend,total240_ensemble,0.15,raw_argmax,0.9235243484499485,0.9007615094342394,0.9906836657478986,0.9234114284750307
audio_lift_source_blend,report_gate_proba,0.2,raw_argmax,0.923355936237459,0.9005369598175866,0.9906836657478986,0.9232430162625412
audio_lift_source_blend,mfcc40_grid,0.2,raw_argmax,0.9232720693466128,0.9004251372964583,0.9906836657478986,0.923159149371695
audio_lift_source_blend,total240_ensemble,0.2,raw_argmax,0.9226991591436605,0.8996612570258554,0.9906836657478986,0.9225862391687428
audio_lift_source_blend,total240_ensemble,0.33,segment_lift,0.922460328277467,0.8993151941574626,0.99077894279929,0.922348649493648
audio_lift_source_blend,total240_grid,0.2,raw_argmax,0.9219300356317125,0.8986357590099247,0.9906836657478986,0.9218171156567948
audio_lift_source_blend,total120_grid,0.2,raw_argmax,0.9212274730088091,0.8976713871325854,0.99077894279929,0.92111579422499
audio_lift_source_blend,total240_ensemble,0.5,segment_lift,0.9210872301912687,0.8978711966081395,0.9894451385254982,0.9209582109497529
audio_lift_source_blend,total240_grid,0.5,segment_lift,0.9205973631203915,0.8972180405136366,0.9894451385254982,0.9204683438788757
audio_lift_source_blend,total240_ensemble,0.25,raw_argmax,0.9205100723652311,0.8967424746546161,0.9906836657478986,0.9203971523903133
audio_lift_source_blend,mfcc40_grid,0.25,raw_argmax,0.9202325495024004,0.8963724441708418,0.9906836657478986,0.9201196295274826
audio_lift_source_blend,mfcc40_grid,0.5,segment_lift,0.9199428307134476,0.8960970675243786,0.9903029599271078,0.9198251146780929
audio_lift_source_blend,highsr_extratrees,0.5,raw_argmax,0.9198283533211956,0.8958335159292354,0.9906836657478986,0.9197154333462779
audio_lift_source_blend,total240_grid,0.25,raw_argmax,0.9195804169037038,0.8955029340392464,0.9906836657478986,0.919467496928786
audio_lift_source_blend,total240_tree_meta,0.33,raw_argmax,0.9194616344838212,0.8953450135363606,0.9906840947841588,0.9193488942296167
audio_lift_source_blend,highsr_default,0.25,raw_argmax,0.919207275463999,0.8950054121196401,0.9906836657478986,0.9190943554890814
audio_lift_source_blend,report_gate_onehot,0.2,raw_argmax,0.9177620813590381,0.8930508649328908,0.99077894279929,0.9176504025752191
audio_lift_source_blend,total240_stack_lr,0.33,raw_argmax,0.9173785856266083,0.8925676150600768,0.9906840947841588,0.917265845372404
audio_lift_source_blend,total120_grid,0.25,raw_argmax,0.9171500355495563,0.8922624255670497,0.9906836657478986,0.9170371155746386
audio_lift_source_blend,report_gate_proba,0.25,raw_argmax,0.9164291020917975,0.8913011809567046,0.9906836657478986,0.9163161821168798
audio_lift_source_blend,highsr_regularized,0.33,raw_argmax,0.9159096830421363,0.8906086222238231,0.9906836657478986,0.9157967630672186
audio_lift_source_blend,mfcc40_grid,0.33,raw_argmax,0.9148692645386439,0.8892213975524998,0.9906836657478986,0.9147563445637262
audio_lift_source_blend,highsr_default,0.33,raw_argmax,0.9116670660470364,0.8849517995636899,0.9906836657478986,0.9115541460721187
audio_lift_source_blend,total240_ensemble,0.33,raw_argmax,0.91105230477071,0.8841321178619213,0.9906836657478986,0.9109393847957922
audio_lift_source_blend,total120_grid,0.5,segment_lift,0.9105772436768697,0.8835272415900502,0.9905892509675983,0.9104634437798967
audio_lift_source_blend,report_gate_onehot,0.25,raw_argmax,0.9101295626208763,0.8828741732820085,0.99077894279929,0.9100178838370573
audio_lift_source_blend,total120_grid,0.33,raw_argmax,0.9082861810386273,0.8804439528858112,0.9906836657478986,0.9081732610637095
audio_lift_source_blend,total240_grid,0.33,raw_argmax,0.9068825276999803,0.8785724151009487,0.9906836657478986,0.9067696077250628
audio_lift_source_blend,report_gate_proba,0.33,raw_argmax,0.9063537973452699,0.8778674412946678,0.9906836657478986,0.9062408773703522
audio_lift_source_blend,highsr_regularized,0.5,raw_argmax,0.8995320098147563,0.868826954171095,0.9904930979677528,0.8994166019369576
audio_lift_source_blend,total240_stack_lr,0.5,raw_argmax,0.8981121350265279,0.8672382519946326,0.9894456288582903,0.8979833195001354
audio_lift_source_blend,report_gate_onehot,0.33,raw_argmax,0.8976723268040808,0.8662921472397492,0.9906836657478986,0.8975594068291631
audio_lift_source_blend,total240_tree_meta,0.5,raw_argmax,0.8947634768162318,0.862745292404948,0.9895404704241029,0.8946357208536337
audio_lift_source_blend,highsr_default,0.5,raw_argmax,0.8912140735394557,0.8577363724706942,0.9904930979677528,0.8910986656616569
audio_lift_source_blend,mfcc40_grid,0.5,raw_argmax,0.8881233915555518,0.853753944481863,0.9900170608001677,0.8880019243579067
audio_lift_source_blend,total240_grid,0.5,raw_argmax,0.8850285456727799,0.8498199923612143,0.989349306048828,0.884898055716915
audio_lift_source_blend,total240_ensemble,0.5,raw_argmax,0.8848853770759166,0.84962910089873,0.989349306048828,0.8847548871200518
audio_lift_source_blend,total120_grid,0.5,raw_argmax,0.8825500017264571,0.8464882253217243,0.9894451385254982,0.8824209824849414
audio_lift_source_blend,report_gate_proba,0.5,raw_argmax,0.8768639327796183,0.839016485885185,0.9890632541900817,0.8767296308523347
audio_lift_source_blend,report_gate_onehot,0.5,raw_argmax,0.8311854356863949,0.7779505488773051,0.9896391462777763,0.8310603407028061
